{"cameraMode":{"drawMode":0,"name":"Shaded","section":"Shading Mode"},"sceneLighting":true,"audioPlay":false,"sceneViewState":{"showFog":true,"showMaterialUpdate":false,"showSkybox":true,"showFlares":true,"showImageEffects":true,"showParticleSystems":true,"showVisualEffectGraphs":true,"m_FxEnabled":true},"in2DMode":false,"pivot":{"x":1.3489952087402344,"y":-1.0496330261230469,"z":-13.867729187011719},"rotation":{"x":0.19109071791172028,"y":0.6459250450134277,"z":-0.17169807851314546,"w":0.7188785076141357},"size":36.482444763183597,"orthographic":false}